key,en,ta
# Navbar
nav.open_menu,Open menu
nav.dashboard,Dashboard
nav.logout,Logout

# Sidebar
sidebar.admin_panel,Admin Panel
sidebar.navigation,Navigation
sidebar.dashboard,Dashboard
sidebar.services,Services
sidebar.bookings,My Bookings
sidebar.manage_services,Manage Services
sidebar.manage_providers,Manage Providers
sidebar.manage_bookings,Manage Bookings
sidebar.footer,BookEase v1.0 · Built with ❤️

# Auth - Login
auth.login.title,BookEase
auth.login.subtitle,Your trusted booking platform
auth.login.heading,Welcome back
auth.login.email_label,Email address
auth.login.email_placeholder,you@example.com
auth.login.password_label,Password
auth.login.password_placeholder,Enter your password
auth.login.signing_in,Signing in...
auth.login.sign_in,Sign in
auth.login.no_account,Don't have an account?
auth.login.create_account,Create account
auth.login.demo_heading,Demo credentials:
auth.login.demo_text,Admin: admin@booking.com / admin123

# Auth - Register
auth.register.subtitle,Join thousands of happy customers
auth.register.heading,Create account
auth.register.name_label,Full Name
auth.register.name_placeholder,John Doe
auth.register.email_label,Email address
auth.register.email_placeholder,you@example.com
auth.register.password_label,Password
auth.register.password_placeholder,Min 6 characters
auth.register.confirm_label,Confirm Password
auth.register.confirm_placeholder,Repeat your password
auth.register.creating,Creating account...
auth.register.create_btn,Create account
auth.register.has_account,Already have an account?
auth.register.sign_in,Sign in

# Auth - Verify
auth.verify.title,Verify Email
auth.verify.heading,Verify Email
auth.verify.subtitle,Enter the 6-digit code sent to
auth.verify.code_label,Verification Code
auth.verify.code_placeholder,000000
auth.verify.verifying,Verifying...
auth.verify.verify_btn,Verify Email
auth.verify.resend,Resend code
auth.verify.back_to_login,Back to login
auth.verify.no_email,No email found. Please register again.
auth.verify.success,Email verified! Welcome aboard 🎉
auth.verify.code_resent,Code resent!

# Validation messages
validation.email_invalid,Invalid email address
validation.email_required,Email is required
validation.password_min,Password must be at least 6 characters
validation.password_required,Password is required
validation.name_min,Name must be at least 2 characters
validation.name_required,Name is required
validation.confirm_required,Please confirm your password
validation.confirm_match,Passwords do not match
validation.name_required_admin,Name is required
validation.skill_type_required,Skill type is required
validation.phone_required,Phone number is required
validation.price_required,Price is required
validation.price_positive,Price must be positive
validation.duration_required,Duration is required
validation.description_required,Description is required
validation.description_min,Description must be at least 10 characters

# User Dashboard
dashboard.user.greeting,Good morning, {{name}}! 👋
dashboard.user.subtitle,Here's what's happening with your bookings today.
dashboard.user.loading,Loading your dashboard...
dashboard.user.total_bookings,Total Bookings
dashboard.user.upcoming,Upcoming
dashboard.user.completed,Completed
dashboard.user.cancelled,Cancelled
dashboard.user.quick_actions,Quick Actions
dashboard.user.book_service,Book a Service
dashboard.user.book_service_desc,Browse available services
dashboard.user.my_bookings,My Bookings
dashboard.user.view_bookings_desc,View all your bookings
dashboard.user.support,Support
dashboard.user.support_desc,Get help anytime
dashboard.user.recent_bookings,Recent Bookings
dashboard.user.view_all,View all →
dashboard.user.no_bookings,No bookings yet
dashboard.user.no_bookings_desc,Book your first service to get started!
dashboard.user.browse_services,Browse Services

# Admin Dashboard
dashboard.admin.title,Admin Dashboard 🛡️
dashboard.admin.subtitle,Overview of your booking platform
dashboard.admin.loading,Loading admin dashboard...
dashboard.admin.total_bookings,Total Bookings
dashboard.admin.revenue,Revenue Generated
dashboard.admin.total_providers,Total Providers
dashboard.admin.available_now,Available Now
dashboard.admin.by_status,Bookings by Status
dashboard.admin.recent_bookings,Recent Bookings
dashboard.admin.table_id,#
dashboard.admin.table_customer,Customer
dashboard.admin.table_service,Service
dashboard.admin.table_provider,Provider
dashboard.admin.table_date,Date
dashboard.admin.table_status,Status
dashboard.admin.no_bookings,No bookings yet.

# Services
services.title,Our Services
services.subtitle,Find the perfect service for your needs
services.search,Search services...
services.none_found,No services found
services.none_found_desc,Try a different search term
services.clear_search,Clear search
services.view_document,📄 View Document
services.book_now,Book Now
services.page_info,Page {{page}} of {{totalPages}}

# Providers
providers.title,Choose a Provider
providers.service_label,Service:
providers.search,Search providers...
providers.none_found,No providers found
providers.none_found_desc,There are no providers available for this service yet.
providers.selected,✓ Selected
providers.booking_heading,📅 Complete Your Booking
providers.booking_date,Booking Date
providers.address_label,Service Address
providers.address_placeholder,Enter your full address
providers.summary,Booking Summary
providers.summary_service,Service:
providers.summary_provider,Provider:
providers.summary_price,Price:
providers.summary_duration,Duration:
providers.confirming,Confirming Booking...
providers.confirm_btn,✅ Confirm Booking
providers.error_select,Please select a provider
providers.error_date,Please select a booking date
providers.error_address,Please enter your address
providers.error_future,Booking date must be today or in the future
providers.confirmed,Booking confirmed! 🎉

# My Bookings
bookings.title,My Bookings
bookings.subtitle,Track all your service bookings
bookings.none,No bookings yet
bookings.none_desc,Start by booking a service!
bookings.browse,Browse Services
bookings.table_id,#
bookings.table_service,Service
bookings.table_provider,Provider
bookings.table_date,Date
bookings.table_address,Address
bookings.table_status,Status
bookings.showing,Showing page {{page}} of {{totalPages}} ({{total}} bookings)
bookings.prev,← Prev
bookings.next,Next →

# Manage Services (Admin)
admin.services.title,Manage Services
admin.services.subtitle,Create, edit and delete services
admin.services.add_btn,+ Add Service
admin.services.table_id,#
admin.services.table_name,Name
admin.services.table_description,Description
admin.services.table_price,Price
admin.services.table_duration,Duration
admin.services.table_document,Document
admin.services.table_actions,Actions
admin.services.edit,✏️ Edit
admin.services.delete,🗑️ Delete
admin.services.none,No services found.
admin.services.view_pdf,📄 View PDF
admin.services.modal_add,➕ Add Service
admin.services.modal_edit,✏️ Edit Service
admin.services.field_name,Service Name
admin.services.field_name_placeholder,e.g. Home Cleaning
admin.services.field_description,Description
admin.services.field_description_placeholder,Describe the service...
admin.services.field_price,Price ($)
admin.services.field_price_placeholder,49.99
admin.services.field_duration,Duration
admin.services.field_duration_placeholder,e.g. 2 hours
admin.services.field_document,Document (PDF only)
admin.services.field_current,Current:
admin.services.cancel,Cancel
admin.services.update,Update
admin.services.create,Create
admin.services.updated,Service updated successfully!
admin.services.created,Service created successfully!
admin.services.deleted,Service deleted.
admin.services.confirm_delete,Are you sure you want to delete this service?

# Manage Providers (Admin)
admin.providers.title,Manage Providers
admin.providers.subtitle,Add, edit and manage service providers
admin.providers.add_btn,+ Add Provider
admin.providers.table_id,#
admin.providers.table_name,Name
admin.providers.table_skill,Skill Type
admin.providers.table_phone,Phone
admin.providers.table_status,Status
admin.providers.table_actions,Actions
admin.providers.edit,✏️ Edit
admin.providers.delete,🗑️ Delete
admin.providers.none,No providers found.
admin.providers.modal_add,➕ Add Provider
admin.providers.modal_edit,✏️ Edit Provider
admin.providers.field_name,Full Name
admin.providers.field_name_placeholder,Provider name
admin.providers.field_skill,Skill Type
admin.providers.field_skill_placeholder,e.g. Home Cleaning
admin.providers.field_phone,Phone Number
admin.providers.field_phone_placeholder,555-0100
admin.providers.field_availability,Availability Status
admin.providers.field_image,Profile Image
admin.providers.field_current,Current:
admin.providers.cancel,Cancel
admin.providers.update,Update
admin.providers.add_provider,Add Provider
admin.providers.updated,Provider updated!
admin.providers.created,Provider added!
admin.providers.deleted,Provider deleted.
admin.providers.confirm_delete,Delete this provider?

# Manage Bookings (Admin)
admin.bookings.title,Manage Bookings
admin.bookings.subtitle,View and update all booking statuses
admin.bookings.filter_all,All
admin.bookings.filter_pending,Pending
admin.bookings.filter_confirmed,Confirmed
admin.bookings.filter_completed,Completed
admin.bookings.filter_cancelled,Cancelled
admin.bookings.table_id,#
admin.bookings.table_customer,Customer
admin.bookings.table_service,Service
admin.bookings.table_provider,Provider
admin.bookings.table_date,Date
admin.bookings.table_address,Address
admin.bookings.table_status,Status
admin.bookings.table_action,Action
admin.bookings.status_btn,✏️ Status
admin.bookings.none,No bookings found.
admin.bookings.showing,Showing {{count}} of {{total}} bookings
admin.bookings.prev,← Prev
admin.bookings.next,Next →
admin.bookings.modal_title,Update Booking Status
admin.bookings.modal_booking,Booking
admin.bookings.cancel,Cancel
admin.bookings.update_btn,Update Status
admin.bookings.updated,Booking status updated!

# Status labels (StatusBadge)
status.pending,⏳ Pending
status.confirmed,✅ Confirmed
status.completed,🎉 Completed
status.cancelled,❌ Cancelled
status.available,🟢 Available
status.not_available,🔴 Not Available

# Common
common.loading,Loading...
common.bookease,BookEase
common.user_role,Role

# Unauthorized
unauthorized.title,Access Denied
unauthorized.message,You don't have permission to view this page. This area is restricted to authorized personnel only.
unauthorized.go_back,← Go Back
unauthorized.switch_account,Sign in with different account
unauthorized.contact_admin,If you believe this is an error, please contact your administrator.

# Success Modal
success.title,Success!
success.message,Operation completed successfully.
success.view_bookings,View My Bookings →
success.close,Close

# Errors
error.welcome_back,Welcome back! 👋
error.verify_email,Please verify your email first.
error.no_email_found,No email found.
error.booking_failed,Failed to create booking
error.operation_failed,Operation failed
error.delete_failed,Delete failed



# Error fallback messages
error.login_failed,Login failed
error.registration_failed,Registration failed
error.verification_failed,Verification failed
error.resend_failed,Failed to resend code
error.unexpected,An unexpected error occurred.

# Auth register success toast
auth.register.success,Account created! Check your email for the verification code.

# Sidebar language
sidebar.language,Language / மொழி
lang.en,English
lang.ta,தமிழ்

# Admin pagination
admin.services.prev,← Prev
admin.services.next,Next →
admin.providers.prev,← Prev
admin.providers.next,Next →
